item_id,HALL_bike_sum,WANDERING_bike_sum,SOUTHERN_SCH,SOUTHERN_SCH_GATE_AREA,NORTHERN_SCH,NORTHERN_SCH_GATE_AREA,DE_AREA,C_AREA,MALL_AREA,COLONY_AREA,timestamp
0,4364,1388,550,160,634,49,674,979,119,20,2023/3/1 0:00
60,4387.325,1394.775,549.25,159,634.675,52.1,704.775,961.325,119.575,22.95,2023/3/1 1:00
120,4714.414634,1432.609756,553.5121951,159,627.195122,50.95121951,908.195122,1049,118.9512195,24.95121951,2023/3/1 2:00
180,4374.4,1312.311111,549.9777778,159,625.3555556,48.88888889,756.8,988.2,120.7555556,21,2023/3/1 3:00
240,4653.463415,1407.170732,551.2439024,159,630.3658537,52,919.3170732,1003.926829,119.6585366,21.7804878,2023/3/1 4:00
300,4380.846154,1290.230769,544.4615385,156,631.3076923,47.53846154,733.6923077,1042.307692,118.7692308,20.07692308,2023/3/1 5:00
360,4589.333333,1381.333333,547.6666667,157,629,46,874.6666667,1022.333333,117,17.33333333,2023/3/1 6:00
420,4443.48,1254,602.84,159,672.36,50.84,788.76,994.08,111.16,20.28,2023/3/1 7:00
480,4876.060606,801.0606061,1556.545455,266.7878788,1028.636364,56.15151515,597.3939394,791.7272727,98.6969697,2,2023/3/1 8:00
540,4976.214286,563.0714286,2037.642857,332.3571429,1339.857143,93.71428571,354.7142857,589.3571429,89.57142857,2,2023/3/1 9:00
600,4988.833333,525.1666667,2367.5,395.6666667,1325.5,80.16666667,142.8333333,550.3333333,74.66666667,2.833333333,2023/3/1 10:00
660,4953.615385,561.0769231,2304.307692,360.2307692,1347,68,115.0769231,555.0769231,68.92307692,2.153846154,2023/3/1 11:00
720,5011,1318,1337,272,912,60,474,877,81,12,2023/3/1 12:00
780,4453.153846,1251.846154,997.9230769,196.8461538,786.2307692,80.61538462,511.8461538,799.7692308,93.23076923,12.30769231,2023/3/1 13:00
840,4850.333333,1262.133333,1290.2,255.2666667,878.2666667,87.8,710.8,597.0666667,98.86666667,13,2023/3/1 14:00
900,4666,1130.285714,1227,249.2857143,809.1428571,70,836.8571429,563.1428571,86.42857143,13.14285714,2023/3/1 15:00
960,4845.733333,1064.333333,1297.4,243.6666667,761.9333333,77.26666667,842.3333333,768.6666667,95.06666667,16,2023/3/1 16:00
1020,4637,1182,1063,229,675,61,836,752,108,21,2023/3/1 17:00
1080,4667.506173,1134.012346,961.5308642,209.5925926,715.691358,58.25925926,869.2962963,856.2345679,111.3333333,19.40740741,2023/3/1 18:00
1140,4348.246914,795.4938272,1225.234568,220.7037037,838.654321,89.37037037,664.8518519,724.382716,91.33333333,8.296296296,2023/3/1 19:00
1200,4505.285714,998.5714286,1152.571429,216.4285714,763.1428571,84,763.1428571,725.7142857,94.85714286,7.285714286,2023/3/1 20:00
1260,4982,1274.125,850.875,205.875,688.875,89.5,1195.375,856.875,96.75,19.125,2023/3/1 21:00
1320,4488.307692,1369.461538,693.9230769,198.9230769,649.9230769,72,796.6923077,849.4615385,103.1538462,25.69230769,2023/3/1 22:00
1380,4700.702128,1367.191489,606.5319149,177.6808511,669.893617,74.14893617,1009.553191,914.3191489,103.9361702,29.27659574,2023/3/1 23:00
1440,4329,1340.666667,555.1666667,157.1666667,679.1666667,80.83333333,718.6666667,897.3333333,105.8333333,32.16666667,2023/3/2 0:00
1500,4303.982418,1305.18022,594.8989011,155.3428571,690.9824176,81.89230769,703.0505495,876.4593407,104.7252747,28.68571429,2023/3/2 1:00
1560,4316.378022,1268.125275,636.1736264,153.6285714,703.378022,82.81538462,712.4131868,867.6241758,103.4065934,25.25714286,2023/3/2 2:00
1620,4328.773626,1231.07033,677.4483516,151.9142857,715.7736264,83.73846154,721.7758242,858.789011,102.0879121,21.82857143,2023/3/2 3:00
1680,4341.169231,1194.015385,718.7230769,150.2,728.1692308,84.66153846,731.1384615,849.9538462,100.7692308,18.4,2023/3/2 4:00
1740,4353.564835,1156.96044,759.9978022,148.4857143,740.5648352,85.58461538,740.5010989,841.1186813,99.45054945,14.97142857,2023/3/2 5:00
1800,4365.96044,1119.905495,801.2725275,146.7714286,752.9604396,86.50769231,749.8637363,832.2835165,98.13186813,11.54285714,2023/3/2 6:00
1860,4378.356044,1082.850549,842.5472527,145.0571429,765.356044,87.43076923,759.2263736,823.4483516,96.81318681,8.114285714,2023/3/2 7:00
1920,4661.4,725,1469.266667,232.8666667,949.0666667,91,725.9333333,696,89.86666667,6.266666667,2023/3/2 8:00
1980,4823.666667,436,2152.666667,326.6666667,1147.666667,91.33333333,521,489,72,5.333333333,2023/3/2 9:00
2040,4802.384615,467.4615385,2385.692308,356.9230769,1141.307692,98.30769231,235.6923077,501.2307692,66.53846154,4.461538462,2023/3/2 10:00
2100,4860.461538,488.1538462,2392.615385,356.3846154,1184.307692,93.84615385,267.0769231,452.3076923,69.15384615,6.846153846,2023/3/2 11:00
2160,4804.551724,1323.482759,1226.793103,283.1034483,728.2068966,95.96551724,572.8965517,849.6896552,86.75862069,16.72413793,2023/3/2 12:00
2220,4800.793103,1216.827586,1238.344828,297.0344828,879.2758621,101.4482759,650.862069,705.4827586,93.55172414,16.44827586,2023/3/2 13:00
2280,4932.333333,767.6666667,1992.666667,311.6666667,1214,98.66666667,466.3333333,395.3333333,85,11.33333333,2023/3/2 14:00
2340,4753.681818,682.7272727,1956.545455,313.1363636,1162.5,98.40909091,452.2272727,407,85.63636364,7.045454545,2023/3/2 15:00
2400,4798,831,1853,283,975,113,462,575,95,7,2023/3/2 16:00
2460,4650.5,1104,1313,289.5,663,92.5,649.5,790.5,112,18.5,2023/3/2 17:00
2520,4291.285714,1103.285714,1003.571429,273.7142857,633.4285714,86.71428571,619,754.8571429,151.8571429,25.28571429,2023/3/2 18:00
2580,4727.230769,1109.307692,1388.461538,425.3076923,809.4615385,117.4615385,767,487.6923077,160.3076923,5,2023/3/2 19:00
2640,4732.538462,1110,1276.692308,428,833.3076923,109,758.0769231,612.3846154,136.0769231,6,2023/3/2 20:00
2700,4316.090909,1247.090909,800.9090909,286.4545455,684.9090909,80.63636364,652,801.9090909,114.6363636,14.63636364,2023/3/2 21:00
2760,4672,1482.333333,657.6666667,258.5833333,650.5,72,906.4166667,832.0833333,123,20,2023/3/2 22:00
2820,4249,1471.5,563,232.5,616.5,74.5,562.5,891,122.5,22,2023/3/2 23:00
2880,4244.833333,1359.5,538.5,214.6666667,608.6666667,78.83333333,704.5,890.3333333,123.8333333,19.5,2023/3/3 0:00
2940,4171.225,1385.725,533.15,209.2,605,80.525,618.85,884.6,123.475,20.425,2023/3/3 1:00
3000,4375.75,1397.5,524.75,199.75,587.75,80,831.25,885.5,127,22,2023/3/3 2:00
3060,4063,1276.2,522.8,197.2,596,79.2,621,895.6,127.8,23.6,2023/3/3 3:00
3120,4414.317073,1472.317073,525.6097561,198,594.6341463,79.31707317,737.2926829,936.1463415,126.3170732,22,2023/3/3 4:00
3180,4023,1327.666667,526.3333333,196,593,79.33333333,548.3333333,883.6666667,128.6666667,15.33333333,2023/3/3 5:00
3240,4116,1359.454545,531.3636364,199,568.2727273,77,623,889.0909091,130,14.81818182,2023/3/3 6:00
3300,4576.714286,1491,543.5714286,200.8571429,604.2857143,81.57142857,905.7142857,893.8571429,123.4285714,14.85714286,2023/3/3 7:00
3360,4584.545455,896.1818182,1319.727273,274.9090909,880,92.45454545,676.9090909,701.1818182,100.7272727,9.818181818,2023/3/3 8:00
3420,4995.571429,624.4285714,1974.142857,278.5714286,1140.714286,91.28571429,631.1428571,546.1428571,73,6,2023/3/3 9:00
3480,4488.714286,525,1836.857143,184.4285714,1282.285714,110,442.5714286,328.7142857,65.57142857,7.714285714,2023/3/3 10:00
3540,5027.444444,579.4444444,2235.111111,425.4444444,1263.111111,108,463.4444444,407,74.44444444,4.888888889,2023/3/3 11:00
3600,5028.388889,1202,1422.222222,325.5,761.6666667,100.3888889,784.7777778,768.5,74.77777778,14.44444444,2023/3/3 12:00
3660,4958.571429,1240.914286,1404.571429,324.8857143,788.1714286,98,767.5714286,657.3428571,80.62857143,19.37142857,2023/3/3 13:00
3720,4767.25,741.75,1988.75,261,1053.75,114,550,350.75,74.75,7.5,2023/3/3 14:00
3780,4639.538462,840.6153846,1848.615385,272.0769231,930.0769231,107.6923077,527.6153846,403.7692308,82.38461538,6.461538462,2023/3/3 15:00
3840,4973.666667,973.4666667,1843.933333,344.4666667,738.6666667,94.86666667,668.4666667,618.4,121.7333333,9,2023/3/3 16:00
3900,4980,1185,1408,295,598,100,872,771,128,18,2023/3/3 17:00
3960,4822.2,1319.933333,1075.6,260.2666667,569.8666667,85.73333333,931.8,752.0666667,150.8,22.13333333,2023/3/3 18:00
4020,4699.846154,1168.230769,1125.769231,303.4615385,627.8461538,84.84615385,953.8461538,668.7692308,136.9230769,18.46153846,2023/3/3 19:00
4080,4652.571429,1132.142857,1134.857143,301.2857143,652.2857143,73.42857143,948,623.7142857,132.5714286,29,2023/3/3 20:00
4140,4772.923077,1325.846154,956.8461538,234.7692308,625.0769231,70.69230769,958,762,129.1538462,16,2023/3/3 21:00
4200,4637.307692,1288.923077,817.0769231,223.6923077,571.1538462,54.69230769,991,820.0769231,131.3846154,17.69230769,2023/3/3 22:00
4260,4605.545455,1342.909091,737.7272727,210.6363636,496.7272727,46,1046.454545,830.7272727,130,21,2023/3/3 23:00
4320,3938.285714,1088.857143,712.5238095,187.8571429,502.952381,46,641.3333333,842.5714286,128.047619,22,2023/3/4 0:00
4380,4573.74359,1384.974359,734.7948718,203.974359,502.5128205,46.51282051,981.3333333,818.6153846,128.4871795,23.02564103,2023/3/4 1:00
4440,4403.846154,1362.615385,723.0769231,199.1538462,501,47,832.6153846,832.7692308,127.7692308,24,2023/3/4 2:00
4500,4588.6,1359.2,736.6,201.6,500.4,46.4,1005,838.4,125.6,23.4,2023/3/4 3:00
4560,4747,1410.625,728.625,202.125,502,45,1082.25,875.5,127.125,20.875,2023/3/4 4:00
4620,4779.702128,1362.106383,719.7021277,190.7659574,502.5319149,45,1170.319149,877.5744681,128.5319149,18.93617021,2023/3/4 5:00
4680,4065.4,1141.6,730,202,499.6,46,779.6,768.6,128,18,2023/3/4 6:00
4740,4272.8,1203.6,731,199.8,505.6,46.4,856.2,833.6,123.2,19.6,2023/3/4 7:00
4800,4521.235294,1170.411765,842.5294118,219.5294118,639.7647059,48,1032.823529,695.2941176,118.1176471,22.29411765,2023/3/4 8:00
4860,4431.428571,948.8571429,1051.571429,237.4285714,879.5714286,63.14285714,850.7142857,567.8571429,110.8571429,22,2023/3/4 9:00
4920,4509.375,889.1875,1315.8125,279.0625,744.9375,74.25,799.625,614.25,125.125,20.4375,2023/3/4 10:00
4980,4642.555556,961,1480.111111,280.8888889,491.1111111,61.33333333,870.2222222,688.8888889,138.8888889,12.33333333,2023/3/4 11:00
5040,4602.714286,1115.571429,1331.857143,282.8571429,415.8571429,50.85714286,874,707.2857143,150.4285714,7.714285714,2023/3/4 12:00
5100,4571.733333,1190.266667,1296.133333,290.6666667,465.9333333,58.86666667,855.1333333,601,152.2666667,11,2023/3/4 13:00
5160,4700.615385,1088.615385,1655.692308,284.6923077,563.3846154,57,765.4615385,464.1538462,157.4615385,5.846153846,2023/3/4 14:00
5220,4641.791667,1115.583333,1444.75,296.9166667,525.0416667,48.33333333,863.2083333,507.5416667,174.9166667,10.75,2023/3/4 15:00
5280,4656.75,1105.75,1474,296.75,529.5,41,855.5,475.5,202,14.5,2023/3/4 16:00
5340,4656,1132.4,1302.4,302.4,472,68.6,903.6,624,207.6,14,2023/3/4 17:00
5400,4505.806452,1141.483871,1157.935484,302.9354839,376.2580645,51.96774194,991.1612903,616.0967742,208.6774194,14.19354839,2023/3/4 18:00
5460,4369.232877,1006.69863,1211.315068,297.7534247,400.890411,58.02739726,939.6575342,585.5479452,215.8082192,9.315068493,2023/3/4 19:00
5520,4297,919.4,1223.6,312.2,423.8,82.4,959.2,560,204,7,2023/3/4 20:00
5580,4528.428571,1077.642857,1102.357143,258.5714286,538.5714286,107.9285714,974.7857143,641.0714286,185,9,2023/3/4 21:00
5640,4675,1208.384615,1023.923077,254.0769231,538.2307692,102.3846154,984,739.5384615,171.6923077,9.230769231,2023/3/4 22:00
5700,4517.818182,1179.272727,941.9090909,242.9090909,493.1818182,84.27272727,922.2727273,827.0909091,140.0909091,14,2023/3/4 23:00
5760,4321.68,1208,926.64,213.2,495,80.36,734.12,799.24,144.68,14,2023/3/5 0:00
5820,4103.026316,1101.947368,917.6315789,205,489,83.60526316,619.7105263,811.9473684,149,13.78947368,2023/3/5 1:00
5880,4553.205128,1184.589744,912.1025641,205.9487179,489,83,976.7435897,826.7692308,149.9487179,14.05128205,2023/3/5 2:00
5940,4239.736842,1130.578947,906.5263158,199.5263158,486.8947368,85.15789474,727.8421053,825.3684211,149,13.52631579,2023/3/5 3:00
6000,4278.368421,1170.526316,922.1052632,211.1052632,484.6842105,88.89473684,728.5263158,807.4210526,150,15.10526316,2023/3/5 4:00
6060,4029.054054,1102.351351,906.8378378,196.5405405,482,89.40540541,544.4324324,829.5405405,149.2972973,14.59459459,2023/3/5 5:00
6120,4056.789474,1102.631579,916.2105263,212.2105263,480.0526316,88.05263158,657.4210526,740.4736842,146,14,2023/3/5 6:00
6180,4103,1159,916.8,212.4,484.2,88,648.8,736,143.2,15,2023/3/5 7:00
6240,4105.813688,1172.923954,965.9961977,213.6501901,494.6197719,86.90494297,502.8707224,806.5361217,147.5779468,15.28897338,2023/3/5 8:00
6300,4179.273764,1091.479087,1018.923954,223.0038023,507.3954373,90.09885932,622.4144487,783.7224335,142.5589354,12.77946768,2023/3/5 9:00
6360,4252.73384,1010.034221,1071.851711,232.3574144,520.1711027,93.29277567,741.9581749,760.9087452,137.539924,10.26996198,2023/3/5 10:00
6420,4326.193916,928.5893536,1124.779468,241.7110266,532.9467681,96.48669202,861.5019011,738.095057,132.5209125,7.760456274,2023/3/5 11:00
6480,4399.653992,847.1444867,1177.707224,251.0646388,545.7224335,99.68060837,981.0456274,715.2813688,127.5019011,5.25095057,2023/3/5 12:00
6540,4576.785714,905.9642857,1242.857143,265.8928571,604.8928571,94.07142857,1057.75,633.7857143,125.5357143,6,2023/3/5 13:00
6600,4416.75,808.0833333,1381.75,248,643.1666667,96.58333333,952.25,505.1666667,121.75,4.583333333,2023/3/5 14:00
6660,4574.529412,851.4705882,1407.823529,275.1176471,653.2352941,120.4705882,1021.647059,521.0588235,116.0588235,3.235294118,2023/3/5 15:00
6720,4536.285714,806.2857143,1442.571429,248.3571429,586.2857143,99.78571429,962.6428571,609.2142857,124,5.285714286,2023/3/5 16:00
6780,4378.230769,830.7692308,1317.769231,235,576.5384615,101.3076923,836.4615385,679.4615385,133.3076923,3.923076923,2023/3/5 17:00
6840,4577.588235,798.6470588,1450.117647,246.8235294,566.7058824,90.82352941,870.4117647,741.5882353,147.1176471,3,2023/3/5 18:00
6900,4467.894737,655.8947368,1725.157895,220.7368421,599.3684211,90.26315789,684.6315789,649.6315789,147.9473684,5.263157895,2023/3/5 19:00
6960,4530.307692,622.6153846,1640.769231,214.1538462,649.3846154,110.3076923,814,675.5384615,119.9230769,8.076923077,2023/3/5 20:00
7020,4431.466667,962.0666667,1076.866667,202,599.6,89.4,953.6,706.7333333,119,13.6,2023/3/5 21:00
7080,4254.6,974.4,971.6,177.6,567.6,70.8,744,864.2,119.6,13.2,2023/3/5 22:00
7140,4407.5,1014.5,880,152.5,554.5,69,871,959,111,17.5,2023/3/5 23:00
7200,4190,1004,876,149,545,72,714,916,116,19,2023/3/6 0:00
7260,4448.682927,1009.585366,871.3902439,145.4634146,547.5365854,74.31707317,944.1707317,940.9268293,116.0731707,19,2023/3/6 1:00
7320,4600.829268,1044.560976,873.9268293,146.9268293,546.0731707,74.2195122,1031.292683,971.902439,114.0731707,19,2023/3/6 2:00
7380,4139.5,1027.55,865.7,143.55,545.55,77,675.5,892.85,114.45,17.9,2023/3/6 3:00
7440,4323.1,1043.3,868.05,142.05,544.05,76.05,816.6,913.3,117.85,19.95,2023/3/6 4:00
7500,4099.25641,989.6410256,868.4615385,140.974359,538.4615385,77.97435897,643.025641,923.1794872,118.4871795,18,2023/3/6 5:00
7560,4224.454545,1028.636364,877.0909091,142.2727273,541.8181818,80,741.9090909,902,116,17,2023/3/6 6:00
7620,4121.2,957.7,976.4,147.2,578.3,98.7,571.3,906.6,111.1,19.8,2023/3/6 7:00
7680,4683.285714,546.3571429,1923.428571,276.5,887.3571429,85.78571429,685.7142857,538.7142857,86.64285714,15.07142857,2023/3/6 8:00
7740,4849,430.9333333,2433.466667,258,1013.8,83,406.2666667,475.5333333,86,3,2023/3/6 9:00
7800,4614.6,419.2,2493,258.2,999.4,73.2,299.4,319.6,80.2,3.8,2023/3/6 10:00
7860,4771.571429,453,2555.428571,322,983.2857143,77,334.5714286,352.4285714,89.85714286,3,2023/3/6 11:00
7920,4787,1234,1504,240,584,71,634,731,85,15,2023/3/6 12:00
7980,4740.75,1077.4375,1534.875,219.625,617.5,87.1875,684.9375,738.5,65.125,22.375,2023/3/6 13:00
8040,4671.916667,607.4166667,2376.75,238.75,1030.5,91.16666667,283.75,300.5,68,5,2023/3/6 14:00
8100,4517.04,539.32,2269.48,278.2,1002.24,82.68,327.64,294.08,80.44,3.84,2023/3/6 15:00
8160,4573.153846,560,2106.769231,259.3846154,896.3846154,82.61538462,462,444.6923077,93.30769231,10,2023/3/6 16:00
8220,4567.827586,779.2068966,1654.448276,225.3103448,669.6551724,82.62068966,639.0689655,703.6551724,101.6206897,20.17241379,2023/3/6 17:00
8280,4628.529412,1048.823529,1390.764706,186.5294118,486.3529412,60.17647059,760.7058824,777.3529412,130.2941176,34.23529412,2023/3/6 18:00
8340,4701.076923,751.7692308,1938.923077,232.7692308,740.3846154,79,544.6923077,566.3846154,154.1538462,4.769230769,2023/3/6 19:00
8400,4823,746,1885,258,758,78,641,674,112,7,2023/3/6 20:00
8460,4365.666667,1152.666667,1069.833333,187.5,516.5,59.83333333,627.1666667,864.6666667,120.5,14.33333333,2023/3/6 21:00
8520,4374.923077,1248.384615,880.1538462,163.9230769,479.6153846,55.53846154,766.2307692,856.3076923,123,21.23076923,2023/3/6 22:00
8580,4365,1311.5,780,144.5,463,47,692,956,132.5,30,2023/3/6 23:00
8640,4091.833333,1220.333333,759.6666667,139,462,47.16666667,591.6666667,888,137.8333333,32.33333333,2023/3/7 0:00
8700,4611.121951,1383.341463,755.0731707,140.8292683,462,48,980.4878049,865.4390244,136.3902439,28.3902439,2023/3/7 1:00
8760,4821.04878,1347.317073,764.9512195,140.9512195,465.1463415,47,1133.292683,950.2439024,135,25.09756098,2023/3/7 2:00
8820,4252.461538,1267.769231,759.6923077,137.3076923,468,47,754.5384615,841,135,26.46153846,2023/3/7 3:00
8880,4227.439024,1221.536585,732.1219512,137.1463415,466.8536585,48,747.1463415,898.6341463,133.0731707,28.07317073,2023/3/7 4:00
8940,4484.45,1275.25,758.45,139.55,465.55,48,924.85,895.15,134.55,30.65,2023/3/7 5:00
9000,4209.666667,1233.333333,764.6666667,142,467,48,682.3333333,897.3333333,135,30,2023/3/7 6:00
9060,4527.615385,1214.076923,855.6923077,165,513.4615385,64.61538462,874.1538462,911.6923077,130.1538462,28.38461538,2023/3/7 7:00
9120,4847,518,2068.733333,320.7333333,1002.866667,77.73333333,551.2666667,590.9333333,111.3333333,3.866666667,2023/3/7 8:00
9180,4949,302.9230769,2468.923077,341.4615385,1228.461538,74,469.5384615,369.1538462,107,3,2023/3/7 9:00
9240,4873.4,347.2666667,2724.8,328.4,1219.2,69.8,210.6666667,261.3333333,105.6666667,4.466666667,2023/3/7 10:00
9300,4960.636364,478.3939394,2699.909091,315.5151515,1187.272727,70.15151515,187.7575758,299.1212121,103.1818182,5,2023/3/7 11:00
9360,4944.4375,1165.875,1581.4375,285,747.3125,72,514.125,805.1875,108.0625,22.4375,2023/3/7 12:00
9420,4805.25,1199.3,1480.05,264.35,805.9,80.35,511.85,675.45,98.65,34.05,2023/3/7 13:00
9480,4688.666667,605.3333333,2354.666667,241.3333333,1190.666667,73.66666667,220,216,97.33333333,4.666666667,2023/3/7 14:00
9540,4708.761905,526.2857143,2426.142857,326.4761905,1214.952381,77.42857143,262.3809524,186.1904762,86.80952381,6,2023/3/7 15:00
9600,4709.72,597.68,2278.64,221.76,856.76,82.28,343.56,515.32,112.76,5,2023/3/7 16:00
9660,4750.117647,864.9411765,1886.882353,276,637.2352941,70,482.5294118,743.1764706,128.2941176,7.058823529,2023/3/7 17:00
9720,4466.555556,1305.111111,1351.444444,240.7777778,362.5555556,65.55555556,529.2222222,741.3333333,151.8888889,25,2023/3/7 18:00
9780,4780.714286,994.7857143,1879.571429,262.7142857,590.2857143,77,466.0714286,670.5,171.8571429,7.642857143,2023/3/7 19:00
9840,4471,954,1576,234.5,595,64.5,484,677,173,12,2023/3/7 20:00
9900,4500.307692,1334.076923,1111.307692,210.9230769,410.4615385,36.38461538,675,790.8461538,160,18.61538462,2023/3/7 21:00
9960,4860,1557,809,148,370,14,1019,914,167,24,2023/3/7 22:00
10020,4163.090909,1432.454545,709.4545455,137.8181818,392.2727273,25,600.7272727,823.0909091,171.6363636,33.45454545,2023/3/7 23:00
10080,4305.387978,1449.833333,682.9590164,136.0136612,398.9590164,25,779.9808743,789.7650273,171.0273224,32.86338798,2023/3/8 0:00
10140,4346.043716,1459.833333,682.4672131,136.1775956,398.4672131,25,803.7513661,798.9453552,171.3551913,31.22404372,2023/3/8 1:00
10200,4386.699454,1469.833333,681.9754098,136.3415301,397.9754098,25,827.5218579,808.1256831,171.6830601,29.58469945,2023/3/8 2:00
10260,4427.355191,1479.833333,681.4836066,136.5054645,397.4836066,25,851.2923497,817.3060109,172.010929,27.94535519,2023/3/8 3:00
10320,4468.010929,1489.833333,680.9918033,136.6693989,396.9918033,25,875.0628415,826.4863388,172.3387978,26.30601093,2023/3/8 4:00
10380,4508.666667,1499.833333,680.5,136.8333333,396.5,25,898.8333333,835.6666667,172.6666667,24.66666667,2023/3/8 5:00
10440,4549.322404,1509.833333,680.0081967,136.9972678,396.0081967,25,922.6038251,844.8469945,172.9945355,23.0273224,2023/3/8 6:00
10500,4685.071429,1391.285714,753.8571429,154.5,455.5,42,1037.214286,856.4285714,164.3571429,26.42857143,2023/3/8 7:00
10560,4627.25,689.8125,1821.8125,282.875,972.9375,30,490.0625,510.75,136.875,5,2023/3/8 8:00
10620,5023.866667,514.0666667,2322.2,311.4,1196.666667,29.6,470.6666667,398.9333333,117.3333333,4,2023/3/8 9:00
10680,4539.153846,466.6153846,2292.769231,305.4615385,1253.461538,26.15384615,159.7692308,258.0769231,100.3076923,8.153846154,2023/3/8 10:00
10740,4842.857143,487.7142857,2588.857143,410.7142857,1223.285714,26.28571429,170.4285714,253.4285714,110.4285714,8.714285714,2023/3/8 11:00
10800,4839.235294,1200.705882,1613.705882,303.7058824,711.7647059,19.17647059,475.9411765,682.6470588,139.5882353,14.88235294,2023/3/8 12:00
10860,4448.761905,1220.571429,1253.380952,184.6190476,562.5238095,37.52380952,524.047619,700.7142857,176.8095238,10.71428571,2023/3/8 13:00
10920,4565.692308,1194.153846,1588.153846,293.0769231,722.1538462,53.69230769,521.6923077,374.8461538,150.4615385,14.23076923,2023/3/8 14:00
10980,4583,1149.6,1591.2,304.8,755.8,61.6,578.4,347.4,146.4,14.2,2023/3/8 15:00
11040,4570.333333,1142,1430.533333,202.4666667,668.1333333,51.46666667,641.2666667,497.8666667,171.6666667,18.86666667,2023/3/8 16:00
11100,4627.133333,1279,1256.333333,190,492.7333333,50.66666667,701.5333333,733.6,130.4,33.53333333,2023/3/8 17:00
11160,4582,1309,1311,256,433,50,674,694,143,18,2023/3/8 18:00
11220,4802.84,1003.92,1923.44,278.52,572.48,69.64,549.24,602.16,146.12,5.48,2023/3/8 19:00
11280,4743,958.0714286,1821.357143,229.4285714,581.2142857,83.28571429,595.0714286,633.3571429,147.5714286,6.357142857,2023/3/8 20:00
11340,4257.714286,1193.571429,1100,176.952381,511.0952381,72.71428571,558.6190476,726.3333333,150.8095238,17.28571429,2023/3/8 21:00
11400,4884,1471,859,145,496,51,1133,749,153,23,2023/3/8 22:00
11460,4643.875,1451,789.375,142.3125,468.5625,38,970.25,782.125,152.5625,30,2023/3/8 23:00
11520,4821.44,1456.84,812.36,139.04,457,37.04,1137.4,776.44,152.6,28.8,2023/3/9 0:00
11580,4687.2,1416.2,809.8,139.2,457,37.2,1059,766.2,151,28,2023/3/9 1:00
11640,4552.96,1375.56,807.24,139.36,457,37.36,980.6,755.96,149.4,27.2,2023/3/9 2:00
11700,4418.72,1334.92,804.68,139.52,457,37.52,902.2,745.72,147.8,26.4,2023/3/9 3:00
11760,4284.48,1294.28,802.12,139.68,457,37.68,823.8,735.48,146.2,25.6,2023/3/9 4:00
11820,4150.24,1253.64,799.56,139.84,457,37.84,745.4,725.24,144.6,24.8,2023/3/9 5:00
11880,4016,1213,797,140,457,38,667,715,143,24,2023/3/9 6:00
11940,4401.333333,1202.533333,871.9333333,160.2666667,516.8,62.4,852.6,784.6,142.5333333,30.33333333,2023/3/9 7:00
12000,4736.789474,589.8947368,2009.105263,312.7368421,855,58.63157895,688.7368421,465.9473684,123.1052632,5,2023/3/9 8:00
12060,4388,420,2022,278,920,59,510,387,123,6,2023/3/9 9:00
12120,4665,350.0833333,2667.25,334.25,1001.166667,69.08333333,315.6666667,233.5,91.5,5.833333333,2023/3/9 10:00
12180,4761.75,362.75,2724.75,335.25,988.5,68,293.5,294.75,89,8.5,2023/3/9 11:00
12240,4888.333333,1123.666667,1693.133333,306,560.2666667,57.06666667,634.2666667,749.6666667,101.2666667,26.06666667,2023/3/9 12:00
12300,4601,1015.8,1478.266667,276.8,680.0666667,68.66666667,608.5333333,655.9333333,120.7333333,41.66666667,2023/3/9 13:00
12360,4853.666667,605.3333333,2339.333333,301.3333333,1172,74.66666667,423.3333333,182.6666667,112,19,2023/3/9 14:00
12420,4713.333333,497.3333333,2469,328.6666667,1060.666667,71.33333333,352.6666667,205.6666667,114,14,2023/3/9 15:00
12480,4866.5,590.5,2464.5,336.5,856.5,74,396,420.5,130,8.5,2023/3/9 16:00
12540,4790,942,1783,264,575,68,638,701,131,20,2023/3/9 17:00
12600,4733.529412,1050.058824,1545.705882,237.1176471,583.1764706,50.41176471,703.5882353,673.5882353,148.0588235,29.35294118,2023/3/9 18:00
12660,4805,778,2093,311,778,52,536,460,154,6,2023/3/9 19:00
12720,4795.833333,793.3888889,1971,288.2222222,770.9444444,63.72222222,589.9444444,529.2222222,136.5555556,4.777777778,2023/3/9 20:00
12780,4677.588235,1239.588235,1324.176471,204.4117647,508.1176471,32.70588235,800.4117647,658.4705882,129.4705882,17.35294118,2023/3/9 21:00
12840,4284.782609,1209.217391,981.2173913,206.7391304,464.5652174,18.95652174,697.173913,768.5217391,140.4782609,23.60869565,2023/3/9 22:00
12900,4101.384615,1265.846154,855.1538462,189,451.4615385,38,582.3076923,774.0769231,143.3846154,29.15384615,2023/3/9 23:00
12960,4486.714286,1339,856.4285714,178.1428571,470.4285714,36.28571429,877.7142857,768.5714286,143.2857143,31.28571429,2023/3/10 0:00
13020,4479.75,1274.625,846.75,170.75,470.75,36,950.625,769.625,140.375,27,2023/3/10 1:00
13080,4784.333333,1350.666667,853,172,468.6666667,37.66666667,1113.333333,831.5,141.8333333,25.33333333,2023/3/10 2:00
13140,4097.682927,1149.926829,837.3902439,151.0731707,470.3170732,39,734.3902439,734.0243902,142.9756098,28.65853659,2023/3/10 3:00
13200,4380.325,1356.1,816.425,156.175,469,39,734.65,838.45,141,24.7,2023/3/10 4:00
13260,4175.85,1284.1,836.4,171.325,469.65,39,575.725,847.65,141,21.325,2023/3/10 5:00
13320,4218.727273,1317,828.8181818,171,493.6363636,60.81818182,573.3636364,840.0909091,141,24.81818182,2023/3/10 6:00
13380,4079.588235,1164.411765,910,192.4117647,467.1176471,53.88235294,649.2941176,727.8235294,135,25.94117647,2023/3/10 7:00
13440,4673.857143,592,2023.571429,304,881.7142857,46.42857143,575.8571429,483.5714286,105.8571429,11.28571429,2023/3/10 8:00
13500,4879.666667,349,2450,298.3333333,1157.666667,48.33333333,470,328.3333333,120.3333333,4.333333333,2023/3/10 9:00
13560,4907.615385,336.9230769,2703.923077,368.7692308,1228.076923,60.69230769,302.7692308,207.6923077,125.2307692,3,2023/3/10 10:00
13620,4749.357143,365.1428571,2436.142857,368.5714286,1235.928571,49.57142857,305.3571429,281.6428571,122.1428571,3,2023/3/10 11:00
13680,5027.5625,1165.625,1655.75,294.6875,625.5,41.875,748.0625,678.8125,132.5,21.3125,2023/3/10 12:00
13740,4873.823529,1183.235294,1543.058824,276.6470588,673.5294118,56.52941176,657.7647059,635.2941176,143.8235294,37.11764706,2023/3/10 13:00
13800,4805.620061,1157.416413,1525.577508,279.5987842,643.4194529,54.96048632,672.8601824,624.3465046,147.2917933,34.70820669,2023/3/10 14:00
13860,4730.483283,1150.486322,1486.18541,282.3343465,599.6504559,53.8662614,687.449848,624.7112462,150.7568389,31.24316109,2023/3/10 15:00
13920,4655.346505,1143.556231,1446.793313,285.0699088,555.881459,52.77203647,702.0395137,625.0759878,154.2218845,27.7781155,2023/3/10 16:00
13980,4580.209726,1136.62614,1407.401216,287.8054711,512.112462,51.67781155,716.6291793,625.4407295,157.6869301,24.31306991,2023/3/10 17:00
14040,4505.072948,1129.696049,1368.009119,290.5410334,468.343465,50.58358663,731.218845,625.8054711,161.1519757,20.84802432,2023/3/10 18:00
14100,4449,1127.571429,1341.857143,274.1428571,492.8571429,55.42857143,738.1428571,561.8571429,169.7142857,17,2023/3/10 19:00
14160,4558,1217.5,1317,256.5,521.5,55,814,501,169.5,17.5,2023/3/10 20:00
14220,4442.307692,1295.230769,1160.769231,242.7692308,469.4615385,54.84615385,720.6153846,616.5384615,159.0769231,20.61538462,2023/3/10 21:00
14280,4562,1292.272727,987.9090909,197.0909091,480.0909091,38.45454545,898.7272727,727.9090909,153.2727273,21.81818182,2023/3/10 22:00
14340,4188.444444,1144.444444,910.1111111,170.4444444,511.5555556,54,706,728.1111111,156,32.22222222,2023/3/10 23:00
14400,4476.45283,1312.886792,895.9056604,170,463.3396226,55.32075472,780.0377358,834.9245283,158.6603774,30.69811321,2023/3/11 0:00
14460,4170.435897,1246.923077,896.0769231,168.6923077,459.7948718,53.79487179,624.1538462,753.4871795,161.2051282,28.79487179,2023/3/11 1:00
14520,4416.522727,1231.704545,883.4545455,162.0227273,458.5681818,53.13636364,795.9545455,856.8409091,160.1590909,29.84090909,2023/3/11 2:00
14580,4219,1172.846154,887,164,458.1538462,55.07692308,708.3076923,802.6923077,156,34,2023/3/11 3:00
14640,4470.384615,1327.615385,890.6923077,165.2307692,460,55.38461538,824.6153846,778.6923077,157.8461538,30.92307692,2023/3/11 4:00
14700,4617.818182,1303.090909,891.5454545,164.4545455,463.7272727,52,917.0909091,854.3636364,160,28,2023/3/11 5:00
14760,4227,1174.142857,891.8571429,170,465.2857143,53.28571429,697.8571429,810.2857143,162.5714286,25,2023/3/11 6:00
14820,4312.363636,1173.363636,898.4545455,175.0909091,473.4545455,58,789,795.7272727,155.3636364,27,2023/3/11 7:00
14880,4635,1268.615385,981.7692308,198.3846154,561.3846154,106.5384615,976.3846154,676.3846154,142.3846154,28.07692308,2023/3/11 8:00
14940,4460.333333,1069.333333,1382,222,686,172.3333333,651,508.3333333,135,28.66666667,2023/3/11 9:00
15000,4360.785714,1061.5,1539.928571,231.0714286,679.1428571,178.1428571,536.8571429,359.3571429,155.1428571,28.85714286,2023/3/11 10:00
15060,4525.428571,1070.214286,1484.571429,236,653.5,176,697.3571429,448.5714286,142.8571429,28.35714286,2023/3/11 11:00
15120,4660.285714,1080.714286,1343.714286,260.2857143,456,90,1037.285714,568.4285714,143.1428571,31,2023/3/11 12:00
15180,4745.5,1027.571429,1425.428571,255,633.7142857,221.3571429,1005.5,483.3571429,124.1428571,45.78571429,2023/3/11 13:00
15240,4615.5,961.5,1501,262,700.5,228,899.5,385.5,134,33.5,2023/3/11 14:00
15300,4508.307692,944.4615385,1471.461538,263.3846154,589.7692308,133.3846154,1008.923077,318.7692308,149.6153846,25.30769231,2023/3/11 15:00
15360,4399.382979,939.6595745,1378.808511,257.3191489,464.5319149,71.34042553,1057.531915,393.2765957,141.5744681,24,2023/3/11 16:00
15420,4517.5625,964,1270.9375,252.25,414.5625,73.6875,1147.8125,575.375,122.4375,22.4375,2023/3/11 17:00
15480,4105.538462,898.4615385,1153.538462,262.0769231,370.9230769,49,989.6153846,538.2307692,132.6923077,22.07692308,2023/3/11 18:00
15540,4012.333333,919.6666667,1207,238.3333333,408,77,960,361,140.3333333,16.33333333,2023/3/11 19:00
15600,4188.266667,916.9333333,1211.266667,229.1333333,469.1333333,83.86666667,1014.533333,412.5333333,144.8666667,19,2023/3/11 20:00
15660,4306.769231,880.3846154,1106.769231,244.7692308,542.8461538,105.5384615,1084.923077,537.6153846,130.6923077,23.53846154,2023/3/11 21:00
15720,3977.272727,906,1002.545455,248.7272727,494.2727273,75.18181818,816.7272727,595.2727273,126.4545455,36,2023/3/11 22:00
15780,3596,862.6,936.8,231,485.3,49.9,597,559,119.3,36,2023/3/11 23:00
15840,3992,981.25,933.5,224.25,486.5,48.75,888.25,542.5,124.25,35.75,2023/3/12 0:00
15900,4113.214286,936.1666667,935.6190476,225,483.3809524,49.4047619,948.8809524,651.5714286,124.2142857,33.38095238,2023/3/12 1:00
15960,4046.081081,955.6486486,938.9459459,225,481,49.05405405,846.5675676,658.4054054,133.5675676,31.94594595,2023/3/12 2:00
16020,3614.864865,868.7297297,913.4054054,220.7297297,479.8648649,48.13513514,613.7297297,572.2702703,130.8648649,36,2023/3/12 3:00
16080,4247.621622,985.972973,931.7297297,222.8648649,482,50.13513514,1025.648649,659.8108108,128.8648649,33.59459459,2023/3/12 4:00
16140,3690.864865,845,910.3243243,222,482,51.75675676,660.027027,635.2702703,128.7567568,29.48648649,2023/3/12 5:00
16200,3867.9,937.4,909.2,225,478.1,51,804.6,576.6,132,30,2023/3/12 6:00
16260,4329.333333,994.8333333,910.6666667,221.3333333,487.6666667,50,1151.5,625.5,125,34.16666667,2023/3/12 7:00
16320,4144.5,721.25,970.75,219.25,757.75,59.25,948.5,622.25,102.5,21.5,2023/3/12 8:00
16380,3946.3,448.5,826.6,108.3,1591.2,63.9,595.4,360.9,115.7,8,2023/3/12 9:00
16440,4186.75,492.25,874.75,124.25,1684.25,69,771,229,127.5,8,2023/3/12 10:00
16500,4058.727273,448.6363636,865.3636364,117.0909091,1634.090909,86.18181818,683.5454545,302.0909091,118,7,2023/3/12 11:00
16560,3984,978.0909091,891.0909091,107.2727273,518.8181818,38.90909091,967.3636364,497,111.6363636,20,2023/3/12 12:00
16620,4344.5,1065,926,109,564.5,35.5,1216.5,430,126.5,16,2023/3/12 13:00
16680,4273.5,1006.5,936,101.5,681,39.5,1162.5,348,126.5,13,2023/3/12 14:00
16740,4182.055556,796.0555556,865.3333333,92.22222222,1163.777778,41.38888889,884.7777778,325.9444444,131.7777778,14.38888889,2023/3/12 15:00
16800,4233.166667,798.5,867.75,92,1221.416667,64,848.75,343.5,133.8333333,19.41666667,2023/3/12 16:00
16860,4389.333333,775.6666667,884.6666667,122.6666667,1257,72.33333333,918.3333333,418.6666667,116,19,2023/3/12 17:00
16920,4216.769231,803.6923077,1181.923077,138.8461538,703,62.23076923,924.0769231,443.6923077,147.5384615,12.84615385,2023/3/12 18:00
16980,4121.5,562.4,1606.3,130.3,702.3,56,754.3,347.9,139.3,9,2023/3/12 19:00
17040,4143.454545,626,1487.818182,112.1818182,710.4545455,48.81818182,779.0909091,383.9090909,147.1818182,9,2023/3/12 20:00
17100,3868.25,956,926.75,94.25,745.25,66.75,607.75,470.75,144.5,17.25,2023/3/12 21:00
17160,4067.7,1012.4,746.3,69.5,722.9,84.2,783.9,642,140.4,19.8,2023/3/12 22:00
17220,4245.769231,1044.384615,670.5384615,48,730.3846154,92.53846154,939.6923077,714.1538462,121,25.61538462,2023/3/12 23:00
17280,3891.268293,1006.780488,662.0243902,45.70731707,703.2682927,73.26829268,697.5609756,674.2195122,122.7073171,24.70731707,2023/3/13 0:00
17340,4034.051282,1028.512821,664.1538462,42.07692308,699,67.71794872,765.5128205,730.9487179,122.9230769,23,2023/3/13 1:00
17400,3906.435897,1015,664.0769231,41.53846154,697.6410256,67,676.8974359,708.2820513,122.8205128,21.71794872,2023/3/13 2:00
17460,3968.589744,1053.461538,668.2820513,44.71794872,693.1282051,66.28205128,695.2564103,712.8974359,122,23.56410256,2023/3/13 3:00
17520,4035.692308,1012.435897,659.3589744,45,692.7179487,66,805.5128205,718.3076923,122.1794872,25.17948718,2023/3/13 4:00
17580,3965.025641,1028.025641,662.4358974,44.28205128,694.5641026,65.28205128,687.2564103,745.1794872,123,24.56410256,2023/3/13 5:00
17640,4127.181818,1042.272727,669.4545455,45.81818182,694.8181818,66,824.3636364,748.6363636,122,25.63636364,2023/3/13 6:00
17700,3854.153846,944.4615385,763.0769231,63.92307692,711.3846154,86.15384615,588.8461538,708.3846154,111.6153846,26.38461538,2023/3/13 7:00
17760,4459.4,505.45,1893.1,214.7,977.4,80.2,653.75,317.05,95.6,17.05,2023/3/13 8:00
17820,4633.288462,333.6730769,2436.5,233.7307692,1146.769231,81.57692308,421.9807692,205.0384615,82.32692308,7,2023/3/13 9:00
17880,4425.615385,323.4615385,2486.846154,247.5384615,1072,75.23076923,283.4615385,169.4615385,83.38461538,7,2023/3/13 10:00
17940,4659,356.6153846,2609.846154,243.2307692,1099,62,242.1538462,259.5384615,84.84615385,7,2023/3/13 11:00
18000,4542.642857,1118.571429,1489.428571,143.2857143,638.7857143,51.57142857,503.6428571,685.1428571,88.78571429,18.28571429,2023/3/13 12:00
18060,4566.368421,1048.105263,1434.210526,120.7368421,618.7894737,51.15789474,643.2631579,702.2105263,95.15789474,24.63157895,2023/3/13 13:00
18120,4538.916667,562.5833333,2414.916667,118.25,1075.416667,51.83333333,226.1666667,159.3333333,89.66666667,10.83333333,2023/3/13 14:00
18180,4222.1,460.8,2170.1,157.6,1092.8,51.3,228,180.7,81.5,8.2,2023/3/13 15:00
18240,4528.53125,565.625,2151.46875,200.21875,976.5625,50.40625,372.34375,350,105.125,7.40625,2023/3/13 16:00
18300,4621.875,895.625,1628,114.3125,650.25,58.1875,626.9375,691.5625,118.5625,10.9375,2023/3/13 17:00
18360,4643.36,966.92,1455.8,110.16,713.28,65.32,699.32,642,140.56,25.48,2023/3/13 18:00
18420,4719.12,680.04,1850.48,127.96,1007.72,61,588.04,453.12,128.72,11,2023/3/13 19:00
18480,4850.590909,706,1844.136364,139.3636364,1028.045455,83.95454545,640.0454545,501.5,117.1363636,13.72727273,2023/3/13 20:00
18540,4496.571429,1152.857143,1106.714286,101.8571429,574.4285714,66.85714286,789.7142857,733.1428571,115.4285714,24.28571429,2023/3/13 21:00
18600,4454.076923,1270.538462,900.3846154,132.2307692,494.4615385,43.61538462,883.6923077,750.0769231,117.2307692,37.69230769,2023/3/13 22:00
18660,4513.8,1437.8,776.4,143.4,466.8,37.2,988.6,682.2,120.4,41.6,2023/3/13 23:00
18720,4406,1423.878049,739.804878,127.8292683,485.3414634,48.36585366,901.3658537,697.804878,122.195122,35.6097561,2023/3/14 0:00
18780,4343.101227,1364.003067,738.2546012,122.1717791,494.6687117,54.08282209,854.8680982,734.4723926,123.5797546,33.25460123,2023/3/14 1:00
18840,4276.659509,1332.898773,736.5981595,120.3312883,493.9325153,54.26687117,812.3527607,744.4110429,124.8680982,31.59815951,2023/3/14 2:00
18900,4210.217791,1301.794479,734.9417178,118.4907975,493.196319,54.45092025,769.8374233,754.3496933,126.1564417,29.94171779,2023/3/14 3:00
18960,4143.776074,1270.690184,733.2852761,116.6503067,492.4601227,54.63496933,727.3220859,764.2883436,127.4447853,28.28527607,2023/3/14 4:00
19020,4077.334356,1239.58589,731.6288344,114.809816,491.7239264,54.8190184,684.8067485,774.2269939,128.7331288,26.62883436,2023/3/14 5:00
19080,4039.166667,1228.166667,729.9166667,112.9166667,491.1666667,55,655.5833333,779.4166667,129.9166667,25,2023/3/14 6:00
19140,3986,1102.272727,803.8181818,143.1818182,561.2727273,76.09090909,684.1818182,683.4545455,123,28,2023/3/14 7:00
19200,4736.411765,509.4705882,2039.235294,236.4117647,1003.235294,74.17647059,674.2941176,395,108.6470588,6.529411765,2023/3/14 8:00
19260,4830,223,2526.769231,298.9230769,1209.384615,65,485.6153846,279.6153846,99.61538462,6,2023/3/14 9:00
19320,4516.875,230.75,2481.75,294.5,1192.25,60.875,312.375,193,100.375,6.375,2023/3/14 10:00
19380,4706.615385,317.5384615,2516.846154,298.6153846,1210.692308,58,277.1538462,276.3846154,99.53846154,8.461538462,2023/3/14 11:00
19440,4819.733333,1076,1603.266667,275.8,756.3333333,55.13333333,565,712.9333333,78.13333333,28.06666667,2023/3/14 12:00
19500,4653.448276,998.2413793,1551.137931,254.3793103,777.9310345,48.20689655,525.3448276,676.6206897,90.86206897,33.31034483,2023/3/14 13:00
19560,4824.615385,549.9230769,2450.076923,296,1245.230769,56.23076923,332.1538462,166.5384615,71.07692308,9.615384615,2023/3/14 14:00
19620,4613.571429,456.2857143,2313,303.7142857,1295.142857,55.14285714,260.5714286,205.4285714,73.57142857,9.571428571,2023/3/14 15:00
19680,4878.705882,603.2352941,2324.764706,308.0588235,984.1176471,48.17647059,393.8823529,477.0588235,86.05882353,9.588235294,2023/3/14 16:00
19740,4565.75,984.875,1622,199,587.5,57.375,565,673.625,116.75,16,2023/3/14 17:00
19800,4750.714286,1137.428571,1326.142857,179.7142857,635.1428571,45.57142857,685.4285714,787.2857143,151.5714286,27.71428571,2023/3/14 18:00
19860,4885.153846,601.8461538,2018.846154,248.4615385,1069.846154,76.84615385,522.3846154,529,136.2307692,7,2023/3/14 19:00
19920,4901.518519,667.4814815,1931.185185,265.1851852,1046.888889,61.22222222,600.7037037,504.4074074,141.962963,8.888888889,2023/3/14 20:00
19980,4420.533333,1143.4,1142.066667,182,536.1333333,46.8,690.2,738.1333333,152.2,18.4,2023/3/14 21:00
20040,4398.692308,1376.769231,838.0769231,170.7692308,441.1538462,28.23076923,869.5384615,680.5384615,157.7692308,34.84615385,2023/3/14 22:00
20100,3882.666667,1272,713.3333333,146,476.3333333,44,599.3333333,632.3333333,151,38.33333333,2023/3/14 23:00
20160,3993.320522,1154.865845,673.3531545,117.5997099,468.9666425,42.88324873,690.5852067,813.8999275,150.9166062,40.73313996,2023/3/15 0:00
20220,4007.200145,1151.907179,684.7092096,116.555475,468.8796229,42.5786802,697.3292241,813.6388687,150.6990573,40.03698332,2023/3/15 1:00
20280,4021.079768,1148.948513,696.0652647,115.51124,468.7926033,42.27411168,704.0732415,813.37781,150.4815083,39.34082669,2023/3/15 2:00
20340,4034.959391,1145.989848,707.4213198,114.4670051,468.7055838,41.96954315,710.8172589,813.1167513,150.2639594,38.64467005,2023/3/15 3:00
20400,4048.839014,1143.031182,718.7773749,113.4227701,468.6185642,41.66497462,717.5612763,812.8556925,150.0464104,37.94851342,2023/3/15 4:00
20460,4062.718637,1140.072516,730.13343,112.3785352,468.5315446,41.36040609,724.3052937,812.5946338,149.8288615,37.25235678,2023/3/15 5:00
20520,4076.59826,1137.113851,741.4894851,111.3343002,468.444525,41.05583756,731.0493111,812.3335751,149.6113125,36.55620015,2023/3/15 6:00
20580,4090.477883,1134.155185,752.8455402,110.2900653,468.3575054,40.75126904,737.7933285,812.0725163,149.3937636,35.86004351,2023/3/15 7:00
20640,4104.357505,1131.196519,764.2015954,109.2458303,468.2704859,40.44670051,744.5373459,811.8114576,149.1762146,35.16388687,2023/3/15 8:00
20700,4118.237128,1128.237854,775.5576505,108.2015954,468.1834663,40.14213198,751.2813633,811.5503988,148.9586657,34.46773024,2023/3/15 9:00
20760,4132.116751,1125.279188,786.9137056,107.1573604,468.0964467,39.83756345,758.0253807,811.2893401,148.7411168,33.7715736,2023/3/15 10:00
20820,4145.996374,1122.320522,798.2697607,106.1131255,468.0094271,39.53299492,764.7693981,811.0282814,148.5235678,33.07541697,2023/3/15 11:00
20880,4159.875997,1119.361856,809.6258158,105.0688905,467.9224075,39.2284264,771.5134155,810.7672226,148.3060189,32.37926033,2023/3/15 12:00
20940,4173.75562,1116.403191,820.9818709,104.0246555,467.835388,38.92385787,778.2574329,810.5061639,148.0884699,31.6831037,2023/3/15 13:00
21000,4187.635243,1113.444525,832.337926,102.9804206,467.7483684,38.61928934,785.0014503,810.2451051,147.870921,30.98694706,2023/3/15 14:00
21060,4201.514866,1110.485859,843.6939811,101.9361856,467.6613488,38.31472081,791.7454677,809.9840464,147.653372,30.29079043,2023/3/15 15:00
21120,4215.394489,1107.527194,855.0500363,100.8919507,467.5743292,38.01015228,798.4894851,809.7229877,147.4358231,29.59463379,2023/3/15 16:00
21180,4229.274112,1104.568528,866.4060914,99.84771574,467.4873096,37.70558376,805.2335025,809.4619289,147.2182741,28.89847716,2023/3/15 17:00
21240,4243.153735,1101.609862,877.7621465,98.80348078,467.4002901,37.40101523,811.9775199,809.2008702,147.0007252,28.20232052,2023/3/15 18:00
21300,4257.033358,1098.651197,889.1182016,97.75924583,467.3132705,37.0964467,818.7215373,808.9398115,146.7831762,27.50616389,2023/3/15 19:00
21360,4270.91298,1095.692531,900.4742567,96.71501088,467.2262509,36.79187817,825.4655547,808.6787527,146.5656273,26.81000725,2023/3/15 20:00
21420,4284.792603,1092.733865,911.8303118,95.67077592,467.1392313,36.48730964,832.2095722,808.417694,146.3480783,26.11385062,2023/3/15 21:00
21480,4298.672226,1089.775199,923.1863669,94.62654097,467.0522117,36.18274112,838.9535896,808.1566352,146.1305294,25.41769398,2023/3/15 22:00
